{"cameraMode":{"drawMode":0,"name":"Shaded","section":"Shading Mode"},"sceneLighting":true,"audioPlay":false,"sceneViewState":{"showFog":true,"showMaterialUpdate":false,"showSkybox":true,"showFlares":true,"showImageEffects":true,"showParticleSystems":true,"showVisualEffectGraphs":true,"m_FxEnabled":true},"in2DMode":false,"pivot":{"x":0.5250916481018066,"y":6.948408126831055,"z":6.794822692871094},"rotation":{"x":0.21647588908672334,"y":0.03221120312809944,"z":-0.0071463133208453659,"w":0.9757348299026489},"size":27.46592903137207,"orthographic":false}