{"count":1,"self":31.3495904,"total":31.955284799999998,"children":{"AgentSendState":{"count":1383,"self":0.0328477,"total":0.048746399999999995,"children":{"CollectObservations":{"count":4155,"self":0.015898699999999998,"total":0.015898699999999998,"children":null},"CollectDiscreteActionMasks":{"count":4155,"self":0,"total":0,"children":null}}},"DecideAction":{"count":1383,"self":0.41692399999999996,"total":0.41692399999999996,"children":null},"AgentAct":{"count":1383,"self":0.13902599999999998,"total":0.13902599999999998,"children":null}},"gauges":{"3DBall.CumulativeReward":{"count":124,"max":7.299996,"min":0.300000221,"runningAverage":2.073386,"value":1.19999993,"weightedAverage":1.8090167}},"metadata":{"timer_format_version":"0.1.0","start_time_seconds":"1630370543","unity_version":"2020.1.4f1","command_line_arguments":"C:\\Program Files\\Unity\\Hub\\Editor\\2020.1.4f1\\Editor\\Unity.exe -projectpath D:\/30319Ball\/3D ball 30319 -useHub -hubIPC -cloudEnvironment production -hubSessionId ea13ad60-09ed-11ec-a7ce-0d1a9b003dea","communication_protocol_version":"1.0.0","com.unity.ml-agents_version":"1.0.8","scene_name":"SampleScene","end_time_seconds":"1630370575"}}